,Accuracy,Attribute,Correlation,Rank Correlation
0,0.196547665751275,GED,0.7754319424865452,0.792359177443481
1,0.2338171832091016,EHFCoord,0.19964784472203306,0.16665532123971333
2,0.12200863083562181,FingerDexterity,0.415773003437922,0.3914166309103208
3,0.9615535504119262,DCP,0.8727595670021361,0.8727595670021361
4,0.745390349156532,STS,0.4867812123363375,0.4867812123363374
