,Accuracy,Attribute,Correlation,Rank Correlation
0,0.7479740680713128,GED,0.9029124414665968,0.8842318569376945
1,0.8525121555915721,EHFCoord,0.6215144038050199,0.6624904408138651
2,0.8845218800648298,FingerDexterity,0.7393694013917717,0.7259680920595654
3,0.9781199351701783,DCP,0.9163804394853855,0.9163804394853855
4,0.8772285251215559,STS,0.7374024492023424,0.7374024492023425
