,Accuracy,Attribute,Correlation,MSE,Rank Correlation
0,0.0,GED,0.7845481053267214,1.1565379937446538,0.799413570225705
1,0.0,EHFCoord,0.24116912284523903,0.3894285155469308,0.20401981653451592
2,0.0,FingerDexterity,0.4211748318716662,0.3575535708996734,0.45844463175513234
3,0.0,DCP,0.874039859865176,0.04092563149250829,0.6417003540981719
4,0.0,STS,0.2998756269871085,0.2550096966146336,0.2891574315174612
