,Accuracy,Attribute,Correlation,Rank Correlation
0,0.8444084278768234,data,0.9005589642575816,0.8932843801454983
1,0.9485413290113452,people,0.905236091877539,0.9192673041234493
2,0.7888978930307942,things,0.7948557697934133,0.7737737676111595
