,Accuracy,Attribute,Correlation,Rank Correlation
0,0.7994987468671679,data,0.8834452713199029,0.8714097769304446
1,0.8387635756056808,people,0.8702256501843859,0.7856455854739608
2,0.8421052631578947,things,0.8084749824098773,0.7981559210957733
